Time,Date,Month,Year,Max_req,Shortage,Drawal,Od,Max_od,Eneryg,Energy_met
2020-03-31,31.0,3.0,2020.0,8296.0,0.0,85.4,-1.0,366.0,0.0,164.2
2020-04-01,1.0,4.0,2020.0,8321.0,0.0,91.0,-0.7,473.0,0.0,163.7
2020-04-03,3.0,4.0,2020.0,8424.0,0.0,86.6,-0.5,395.0,0.0,165.2
2020-04-04,4.0,4.0,2020.0,8222.0,0.0,87.1,-0.2,483.0,0.0,163.2
2020-04-05,5.0,4.0,2020.0,8189.0,0.0,85.7,0.9,1083.0,0.0,162.0
2020-04-06,6.0,4.0,2020.0,8595.0,0.0,93.9,0.8,628.0,0.0,164.1
2020-04-07,7.0,4.0,2020.0,8312.0,0.0,91.2,0.2,824.0,0.0,160.3
2020-04-08,8.0,4.0,2020.0,8095.0,0.0,89.5,0.3,677.0,0.0,155.6
2020-04-09,9.0,4.0,2020.0,6391.0,0.0,69.2,-1.6,619.0,0.0,130.6
2020-04-10,10.0,4.0,2020.0,6831.0,0.0,66.8,-0.4,602.0,0.0,139.7
2020-04-11,11.0,4.0,2020.0,7345.0,0.0,76.1,-0.2,446.0,0.0,148.7
2020-04-12,12.0,4.0,2020.0,7540.0,0.0,78.9,0.1,455.0,0.0,154.9
2020-04-13,13.0,4.0,2020.0,7724.0,0.0,92.6,1.3,402.0,0.0,158.7
2020-04-14,14.0,4.0,2020.0,7862.0,0.0,86.6,-0.4,426.0,0.0,160.9
2020-04-15,15.0,4.0,2020.0,8025.0,0.0,92.4,0.5,460.0,0.0,163.0
2020-04-16,16.0,4.0,2020.0,8204.0,0.0,99.4,0.6,386.0,0.0,165.0
2020-04-17,17.0,4.0,2020.0,8400.0,0.0,102.0,0.3,445.0,0.0,166.6
2020-04-18,18.0,4.0,2020.0,8332.0,0.0,102.2,0.7,562.0,0.0,171.0
2020-04-19,19.0,4.0,2020.0,8281.0,0.0,102.0,-0.3,421.0,0.0,168.7
2020-04-20,20.0,4.0,2020.0,8455.0,0.0,100.5,0.2,414.0,0.0,170.6
2020-04-21,21.0,4.0,2020.0,8416.0,0.0,96.0,-0.3,421.0,0.0,169.3
2020-04-22,22.0,4.0,2020.0,8387.0,0.0,94.4,-1.4,241.0,0.0,170.1
2020-04-23,23.0,4.0,2020.0,8484.0,0.0,92.5,-0.2,463.0,0.0,170.5
2020-04-24,24.0,4.0,2020.0,8410.0,0.0,89.4,-0.2,469.0,0.0,169.4
2020-04-25,25.0,4.0,2020.0,8165.0,0.0,84.4,-1.5,353.0,0.0,159.1
2020-04-26,26.0,4.0,2020.0,7579.0,0.0,80.5,-0.3,339.0,0.0,148.6
2020-04-27,27.0,4.0,2020.0,7383.0,0.0,69.4,0.4,392.0,0.0,150.9
2020-04-28,28.0,4.0,2020.0,7649.0,0.0,84.9,0.3,584.0,0.0,155.8
2020-04-29,29.0,4.0,2020.0,6866.0,0.0,73.6,-0.1,634.0,0.0,142.2
2020-04-30,30.0,4.0,2020.0,7191.0,0.0,83.5,-0.7,537.0,0.0,151.3
2020-05-01,1.0,5.0,2020.0,7537.0,0.0,83.0,0.8,557.0,0.0,151.8
2020-05-02,2.0,5.0,2020.0,7838.0,0.0,88.7,0.0,450.0,0.0,157.9
2020-05-03,3.0,5.0,2020.0,8260.0,0.0,93.4,0.0,478.0,0.0,163.9
2020-05-04,4.0,5.0,2020.0,8414.0,0.0,96.3,-1.2,639.0,0.0,167.5
2020-05-05,5.0,5.0,2020.0,8533.0,0.0,98.0,0.0,579.0,0.0,170.6
2020-05-06,6.0,5.0,2020.0,8702.0,0.0,95.0,1.2,807.0,0.0,171.9
2020-05-07,7.0,5.0,2020.0,8762.0,0.0,105.2,0.5,655.0,0.0,171.7
2020-05-08,8.0,5.0,2020.0,8884.0,0.0,106.1,0.4,527.0,0.0,174.8
2020-05-09,9.0,5.0,2020.0,9123.0,0.0,108.1,-0.8,536.0,0.0,177.3
2020-05-10,10.0,5.0,2020.0,8750.0,0.0,103.4,0.3,458.0,0.0,175.6
2020-05-11,11.0,5.0,2020.0,9100.0,0.0,109.6,-0.8,458.0,0.0,180.6
2020-05-13,13.0,5.0,2020.0,9075.0,0.0,113.8,-0.3,358.0,0.0,180.5
2020-05-14,14.0,5.0,2020.0,8620.0,0.0,104.4,-0.3,469.0,0.0,174.5
2020-05-15,15.0,5.0,2020.0,9071.0,0.0,101.5,1.1,825.0,0.0,181.9
2020-05-16,16.0,5.0,2020.0,9506.0,0.0,101.5,1.2,748.0,0.0,185.5
2020-05-17,17.0,5.0,2020.0,9055.0,0.0,98.3,1.8,837.0,0.0,177.6
2020-05-18,18.0,5.0,2020.0,8618.0,0.0,82.3,-1.3,555.0,0.0,174.1
2020-05-19,19.0,5.0,2020.0,7789.0,0.0,55.9,1.8,620.0,0.0,164.7
2020-05-20,20.0,5.0,2020.0,8890.0,0.0,64.7,0.1,681.0,0.0,175.5
2020-05-21,21.0,5.0,2020.0,9649.0,0.0,80.9,2.3,972.0,0.0,186.9
2020-05-22,22.0,5.0,2020.0,10060.0,0.0,85.3,3.6,958.0,0.0,192.3
2020-05-23,23.0,5.0,2020.0,10029.0,0.0,99.2,2.6,691.0,0.0,195.9
2020-05-24,24.0,5.0,2020.0,9870.0,0.0,101.1,-0.7,622.0,0.0,194.0
2020-05-25,25.0,5.0,2020.0,9955.0,0.0,99.5,0.6,622.0,0.0,191.6
2020-05-26,26.0,5.0,2020.0,10071.0,0.0,103.2,-0.2,965.0,0.0,193.5
2020-05-27,27.0,5.0,2020.0,10101.0,0.0,100.8,0.5,521.0,0.0,194.8
2020-05-28,28.0,5.0,2020.0,10062.0,0.0,92.0,0.4,531.0,0.0,195.4
2020-05-29,29.0,5.0,2020.0,9880.0,0.0,98.0,-0.5,396.0,0.0,193.3
2020-05-30,30.0,5.0,2020.0,9188.0,0.0,110.3,2.4,937.0,0.0,186.4
2020-05-31,31.0,5.0,2020.0,9317.0,0.0,115.4,0.6,776.0,0.0,184.1
2020-06-01,1.0,6.0,2020.0,8926.0,0.0,97.3,1.9,703.0,0.0,178.2
2020-06-02,2.0,6.0,2020.0,8676.0,0.0,79.8,0.4,497.0,0.0,172.0
2020-06-03,3.0,6.0,2020.0,8712.0,0.0,71.2,0.7,617.0,0.0,175.3
2020-06-04,4.0,6.0,2020.0,8227.0,0.0,61.8,-0.7,523.0,0.0,174.3
2020-06-05,5.0,6.0,2020.0,8987.0,0.0,69.3,0.4,533.0,0.0,181.6
2020-06-06,6.0,6.0,2020.0,9423.0,0.0,67.7,-0.1,601.0,0.0,186.6
2020-06-07,7.0,6.0,2020.0,9046.0,0.0,64.3,1.5,642.0,0.0,182.6
2020-06-08,8.0,6.0,2020.0,9096.0,0.0,55.9,1.8,571.0,0.0,184.3
2020-06-09,9.0,6.0,2020.0,9237.0,0.0,53.5,0.4,509.0,0.0,178.8
2020-06-10,10.0,6.0,2020.0,8525.0,0.0,51.5,1.1,958.0,0.0,167.0
2020-06-11,11.0,6.0,2020.0,6623.0,0.0,37.5,-0.2,601.0,0.0,144.6
2020-06-12,12.0,6.0,2020.0,6365.0,0.0,31.4,-0.8,494.0,0.0,140.7
2020-06-13,13.0,6.0,2020.0,7283.0,0.0,30.8,0.4,501.0,0.0,150.4
2020-06-14,14.0,6.0,2020.0,7406.0,0.0,40.1,0.5,520.0,0.0,161.6
2020-06-15,15.0,6.0,2020.0,8170.0,0.0,41.7,2.1,723.0,0.0,173.0
2020-06-16,16.0,6.0,2020.0,7980.0,0.0,42.1,-0.1,458.0,0.0,169.8
2020-06-17,17.0,6.0,2020.0,7762.0,0.0,43.3,-1.9,470.0,0.0,165.0
2020-06-18,18.0,6.0,2020.0,7821.0,0.0,42.2,0.6,495.0,0.0,166.1
2020-06-19,19.0,6.0,2020.0,7562.0,0.0,43.7,0.4,569.0,0.0,169.9
2020-06-20,20.0,6.0,2020.0,8353.0,0.0,44.9,-1.3,356.0,0.0,172.6
2020-06-21,21.0,6.0,2020.0,7767.0,0.0,43.8,1.0,367.0,0.0,170.4
2020-06-22,22.0,6.0,2020.0,8278.0,0.0,44.5,0.1,366.0,0.0,169.7
2020-06-23,23.0,6.0,2020.0,8640.0,0.0,49.0,-0.2,425.0,0.0,176.6
2020-06-24,24.0,6.0,2020.0,8812.0,0.0,59.8,-0.2,455.0,0.0,176.9
2020-06-25,25.0,6.0,2020.0,8270.0,0.0,64.2,1.7,679.0,0.0,171.8
2020-06-26,26.0,6.0,2020.0,8470.0,0.0,82.8,4.7,956.0,0.0,173.8
2020-06-27,27.0,6.0,2020.0,8336.0,0.0,93.4,1.5,932.0,0.0,173.6
2020-06-28,28.0,6.0,2020.0,7842.0,0.0,91.2,-1.2,644.0,0.0,168.7
2020-06-29,29.0,6.0,2020.0,8202.0,0.0,76.4,1.5,724.0,0.0,167.9
2020-06-30,30.0,6.0,2020.0,7472.0,0.0,59.0,0.6,1106.0,0.0,158.1
2020-07-02,2.0,7.0,2020.0,7342.0,0.0,37.5,-0.6,557.0,0.0,155.8
2020-07-03,3.0,7.0,2020.0,7200.0,0.0,34.4,-0.7,508.0,0.0,153.3
2020-07-04,4.0,7.0,2020.0,6675.0,0.0,35.1,1.1,400.0,0.0,151.8
2020-07-05,5.0,7.0,2020.0,6433.0,0.0,42.2,2.3,674.0,0.0,141.1
2020-07-06,6.0,7.0,2020.0,6986.0,0.0,38.7,0.9,697.0,0.0,148.5
2020-07-07,7.0,7.0,2020.0,7812.0,0.0,44.0,0.9,737.0,0.0,161.4
2020-07-08,8.0,7.0,2020.0,8500.0,0.0,54.4,2.2,1650.0,0.0,167.4
2020-07-09,9.0,7.0,2020.0,7190.0,0.0,61.5,0.0,554.0,0.0,151.5
2020-07-10,10.0,7.0,2020.0,7178.0,0.0,56.3,-0.1,508.0,0.0,150.7
2020-07-11,11.0,7.0,2020.0,7352.0,0.0,56.9,2.2,773.0,0.0,149.0
2020-07-12,12.0,7.0,2020.0,7090.0,0.0,54.1,1.4,462.0,0.0,149.7
2020-07-13,13.0,7.0,2020.0,7301.0,0.0,55.1,1.3,1027.0,0.0,153.0
2020-07-14,14.0,7.0,2020.0,6879.0,0.0,52.6,-1.3,680.0,0.0,151.3
2020-07-15,15.0,7.0,2020.0,6439.0,0.0,45.6,-1.3,607.0,0.0,141.0
2020-07-16,16.0,7.0,2020.0,6619.0,0.0,42.3,0.1,559.0,0.0,139.0
2020-07-17,17.0,7.0,2020.0,6792.0,0.0,47.5,1.8,746.0,0.0,145.8
2020-07-18,18.0,7.0,2020.0,7016.0,0.0,59.9,2.2,602.0,0.0,148.0
2020-07-19,19.0,7.0,2020.0,6934.0,0.0,61.6,1.1,526.0,0.0,147.8
2020-07-20,20.0,7.0,2020.0,7050.0,0.0,60.9,1.0,663.0,0.0,151.2
2020-07-21,21.0,7.0,2020.0,7286.0,0.0,63.5,0.7,793.0,0.0,153.0
2020-07-22,22.0,7.0,2020.0,7454.0,0.0,73.3,0.2,650.0,0.0,159.6
2020-07-23,23.0,7.0,2020.0,7292.0,0.0,73.7,0.7,734.0,0.0,154.4
2020-07-24,24.0,7.0,2020.0,7049.0,0.0,70.0,-0.1,485.0,0.0,150.9
2020-07-25,25.0,7.0,2020.0,6992.0,0.0,69.7,0.3,539.0,0.0,151.5
2020-07-26,26.0,7.0,2020.0,6932.0,0.0,56.9,-0.3,419.0,0.0,151.2
2020-07-27,27.0,7.0,2020.0,7498.0,0.0,53.4,1.8,778.0,0.0,160.6
2020-07-28,28.0,7.0,2020.0,8296.0,0.0,75.5,6.0,1504.0,0.0,167.2
2020-07-29,29.0,7.0,2020.0,7954.0,0.0,83.3,2.0,1001.0,0.0,163.5
2020-07-30,30.0,7.0,2020.0,7960.0,0.0,79.3,-0.7,522.0,0.0,167.1
2020-07-31,31.0,7.0,2020.0,8074.0,0.0,70.9,0.6,751.0,0.0,170.5
2020-08-01,1.0,8.0,2020.0,7320.0,0.0,60.8,-0.2,434.0,0.0,161.1
2020-08-02,2.0,8.0,2020.0,7278.0,0.0,42.6,-0.5,445.0,0.0,155.1
2020-08-03,3.0,8.0,2020.0,7220.0,0.0,33.5,1.9,541.0,0.0,157.0
2020-08-04,4.0,8.0,2020.0,6894.0,0.0,32.4,0.0,504.0,0.0,148.0
2020-08-05,5.0,8.0,2020.0,6646.0,0.0,31.5,-0.4,533.0,0.0,146.0
2020-08-06,6.0,8.0,2020.0,7337.0,0.0,34.1,0.6,578.0,0.0,155.7
2020-08-07,7.0,8.0,2020.0,7978.0,0.0,41.8,0.7,528.0,0.0,167.7
2020-08-08,8.0,8.0,2020.0,8332.0,0.0,43.9,-0.4,557.0,0.0,170.7
2020-08-09,9.0,8.0,2020.0,8045.0,0.0,49.4,1.1,893.0,0.0,168.7
2020-08-10,10.0,8.0,2020.0,7239.0,0.0,39.4,0.6,541.0,0.0,158.7
2020-08-11,11.0,8.0,2020.0,7712.0,0.0,39.6,1.1,491.0,0.0,165.1
2020-08-12,12.0,8.0,2020.0,7623.0,0.0,35.5,0.6,414.0,0.0,163.3
2020-08-13,13.0,8.0,2020.0,7479.0,0.0,40.9,0.7,479.0,0.0,160.2
2020-08-14,14.0,8.0,2020.0,7511.0,0.0,36.8,-0.6,388.0,0.0,157.8
2020-08-15,15.0,8.0,2020.0,7189.0,0.0,36.6,-0.7,290.0,0.0,144.6
2020-08-16,16.0,8.0,2020.0,6833.0,0.0,34.1,-0.1,592.0,0.0,142.6
2020-08-17,17.0,8.0,2020.0,7175.0,0.0,37.3,0.5,590.0,0.0,150.8
2020-08-18,18.0,8.0,2020.0,7800.0,0.0,40.2,-0.6,451.0,0.0,160.7
2020-08-19,19.0,8.0,2020.0,7945.0,0.0,37.5,1.1,736.0,0.0,164.2
2020-08-20,20.0,8.0,2020.0,7946.0,0.0,36.3,0.0,416.0,0.0,163.3
2020-08-21,21.0,8.0,2020.0,7770.0,0.0,42.6,0.6,1040.0,0.0,162.8
2020-08-22,22.0,8.0,2020.0,7869.0,0.0,49.6,0.9,560.0,0.0,162.9
2020-08-23,23.0,8.0,2020.0,7605.0,0.0,48.8,2.0,676.0,0.0,160.2
2020-08-24,24.0,8.0,2020.0,7652.0,0.0,57.3,1.8,846.0,0.0,163.6
2020-08-26,26.0,8.0,2020.0,7967.0,0.0,57.4,1.5,631.0,0.0,171.5
2020-08-27,27.0,8.0,2020.0,7805.0,0.0,56.5,0.7,523.0,0.0,168.4
2020-08-28,28.0,8.0,2020.0,8292.0,0.0,58.1,1.2,959.0,0.0,176.5
2020-08-29,29.0,8.0,2020.0,8730.0,0.0,77.4,2.7,994.0,0.0,184.8
2020-08-30,30.0,8.0,2020.0,8892.0,0.0,92.6,-0.7,547.0,0.0,185.5
2020-08-31,31.0,8.0,2020.0,8717.0,0.0,97.1,0.8,681.0,0.0,183.4
2020-09-01,1.0,9.0,2020.0,8420.0,0.0,86.4,0.1,788.0,0.0,178.5
2020-09-02,2.0,9.0,2020.0,8091.0,0.0,89.7,2.1,559.0,0.0,171.7
2020-09-03,3.0,9.0,2020.0,8045.0,0.0,89.9,0.2,391.0,0.0,172.7
2020-09-04,4.0,9.0,2020.0,8266.0,0.0,75.0,0.7,463.0,0.0,177.8
2020-09-05,5.0,9.0,2020.0,8600.0,0.0,72.3,0.7,1119.0,0.0,182.6
2020-09-06,6.0,9.0,2020.0,8782.0,0.0,72.8,0.1,445.0,0.0,184.7
2020-09-07,7.0,9.0,2020.0,9523.0,0.0,86.0,2.2,1067.0,0.0,191.5
2020-09-08,8.0,9.0,2020.0,9060.0,0.0,96.6,1.4,864.0,0.0,189.0
2020-09-09,9.0,9.0,2020.0,9103.0,0.0,92.2,0.0,1008.0,0.0,190.0
2020-09-10,10.0,9.0,2020.0,9043.0,0.0,76.7,1.9,681.0,0.0,189.2
2020-09-11,11.0,9.0,2020.0,8610.0,0.0,63.8,0.8,682.0,0.0,182.8
2020-09-12,12.0,9.0,2020.0,8140.0,0.0,55.4,0.3,1047.0,0.0,171.5
2020-09-13,13.0,9.0,2020.0,6640.0,0.0,36.1,-0.3,796.0,0.0,146.5
2020-09-14,14.0,9.0,2020.0,6927.0,0.0,35.8,0.9,1089.0,0.0,143.6
2020-09-15,15.0,9.0,2020.0,7247.0,0.0,41.0,-0.4,711.0,0.0,150.5
2020-09-16,16.0,9.0,2020.0,7228.0,0.0,44.5,-1.6,815.0,0.0,152.9
2020-09-18,18.0,9.0,2020.0,7391.0,0.0,48.1,-1.2,775.0,0.0,161.8
2020-09-19,19.0,9.0,2020.0,6608.0,0.0,52.6,4.6,1291.0,0.0,152.0
2020-09-20,20.0,9.0,2020.0,6574.0,0.0,37.7,-0.3,357.0,0.0,143.5
2020-09-21,21.0,9.0,2020.0,7050.0,0.0,29.8,-0.9,339.0,0.0,147.1
2020-09-22,22.0,9.0,2020.0,7237.0,0.0,35.0,-0.2,547.0,0.0,157.3
2020-09-23,23.0,9.0,2020.0,7662.0,0.0,45.4,0.8,795.0,0.0,165.9
2020-09-24,24.0,9.0,2020.0,8260.0,0.0,74.1,0.2,622.0,0.0,174.4
2020-09-27,27.0,9.0,2020.0,7122.0,0.0,57.4,0.5,621.0,0.0,147.6
2020-09-28,28.0,9.0,2020.0,7490.0,0.0,76.2,0.8,764.0,0.0,162.7
2020-09-29,29.0,9.0,2020.0,7954.0,0.0,79.3,-0.1,543.0,0.0,164.1
2020-10-02,2.0,10.0,2020.0,7224.0,0.0,55.8,0.4,523.0,0.0,153.6
2020-10-03,3.0,10.0,2020.0,7346.0,0.0,49.7,0.7,1041.0,0.0,155.2
2020-10-04,4.0,10.0,2020.0,7131.0,0.0,46.1,-1.1,392.0,0.0,155.3
2020-10-05,5.0,10.0,2020.0,7780.0,0.0,53.2,3.5,819.0,0.0,164.6
2020-10-06,6.0,10.0,2020.0,8176.0,0.0,69.2,2.4,1023.0,0.0,173.4
2020-10-07,7.0,10.0,2020.0,8110.0,0.0,76.8,-0.9,432.0,0.0,172.9
2020-10-08,8.0,10.0,2020.0,8450.0,0.0,85.9,0.9,635.0,0.0,178.9
2020-10-09,9.0,10.0,2020.0,8387.0,0.0,89.9,2.0,1038.0,0.0,179.0
2020-10-10,10.0,10.0,2020.0,7707.0,0.0,84.4,-0.3,621.0,0.0,166.3
2020-10-12,12.0,10.0,2020.0,7129.0,0.0,59.5,-0.9,410.0,0.0,145.4
2020-10-13,13.0,10.0,2020.0,7127.0,0.0,40.8,0.0,1167.0,0.0,134.5
2020-10-14,14.0,10.0,2020.0,7192.0,0.0,37.4,-1.0,596.0,0.0,145.3
2020-10-15,15.0,10.0,2020.0,7482.0,0.0,50.3,0.5,757.0,0.0,150.9
2020-10-16,16.0,10.0,2020.0,7547.0,0.0,63.7,-0.5,399.0,0.0,157.1
2020-10-17,17.0,10.0,2020.0,7505.0,0.0,73.0,2.2,771.0,0.0,158.3
2020-10-18,18.0,10.0,2020.0,7396.0,0.0,83.3,-0.1,1056.0,0.0,158.8
2020-10-21,21.0,10.0,2020.0,7395.0,0.0,70.6,0.1,334.0,0.0,151.7
2020-10-22,22.0,10.0,2020.0,7442.0,0.0,73.2,-0.2,717.0,0.0,154.0
2020-10-23,23.0,10.0,2020.0,7470.0,0.0,71.1,-1.0,372.0,0.0,155.2
2020-10-24,24.0,10.0,2020.0,7450.0,0.0,66.9,-0.1,370.0,0.0,162.2
2020-10-26,26.0,10.0,2020.0,7558.0,0.0,70.9,-0.3,347.0,0.0,165.1
2020-10-27,27.0,10.0,2020.0,8097.0,0.0,76.8,-0.7,403.0,0.0,171.3
2020-10-28,28.0,10.0,2020.0,8003.0,0.0,74.5,-0.7,486.0,0.0,172.2
2020-10-29,29.0,10.0,2020.0,8128.0,0.0,77.2,-0.3,566.0,0.0,170.9
2020-10-30,30.0,10.0,2020.0,8315.0,0.0,79.1,0.4,671.0,0.0,175.0
2020-10-31,31.0,10.0,2020.0,8820.0,0.0,82.8,-0.1,408.0,0.0,178.9
2020-11-02,2.0,11.0,2020.0,9338.0,0.0,85.8,1.2,514.0,0.0,185.3
2020-11-03,3.0,11.0,2020.0,9490.0,0.0,88.8,0.6,975.0,0.0,190.9
2020-11-04,4.0,11.0,2020.0,9022.0,0.0,89.3,-0.9,366.0,0.0,183.8
2020-11-05,5.0,11.0,2020.0,8951.0,0.0,92.6,0.4,325.0,0.0,185.8
2020-11-06,6.0,11.0,2020.0,8368.0,0.0,84.1,0.9,806.0,0.0,179.0
2020-11-07,7.0,11.0,2020.0,8107.0,0.0,85.6,-0.4,616.0,0.0,174.2
2020-11-08,8.0,11.0,2020.0,7908.0,0.0,86.6,-0.4,235.0,0.0,169.2
2020-11-09,9.0,11.0,2020.0,8256.0,0.0,80.6,0.6,702.0,0.0,170.4
2020-11-10,10.0,11.0,2020.0,8350.0,0.0,80.6,0.8,646.0,0.0,170.9
2020-11-11,11.0,11.0,2020.0,8618.0,0.0,75.5,0.7,472.0,0.0,173.2
2020-11-12,12.0,11.0,2020.0,7833.0,0.0,78.8,-0.6,406.0,0.0,163.7
2020-11-13,13.0,11.0,2020.0,7560.0,0.0,76.3,-0.1,536.0,0.0,157.4
2020-11-15,15.0,11.0,2020.0,7370.0,0.0,62.2,1.2,620.0,0.0,152.0
2020-11-16,16.0,11.0,2020.0,7314.0,0.0,70.0,-0.5,520.0,0.0,153.5
2020-11-17,17.0,11.0,2020.0,7414.0,0.0,72.3,0.2,659.0,0.0,158.1
2020-11-18,18.0,11.0,2020.0,7516.0,0.0,79.4,0.0,692.0,0.0,162.8
2020-11-19,19.0,11.0,2020.0,7772.0,0.0,79.3,-0.9,652.0,0.0,167.5
2020-11-20,20.0,11.0,2020.0,7940.0,0.0,88.3,1.0,649.0,0.0,171.3
2020-11-21,21.0,11.0,2020.0,7933.0,0.0,91.0,1.0,696.0,0.0,170.0
2020-11-22,22.0,11.0,2020.0,8192.0,0.0,86.5,-0.2,720.0,0.0,167.8
2020-11-23,23.0,11.0,2020.0,8150.0,0.0,89.5,0.7,504.0,0.0,170.4
2020-11-25,25.0,11.0,2020.0,7522.0,0.0,72.1,0.6,562.0,0.0,155.1
2020-11-26,26.0,11.0,2020.0,5826.0,0.0,50.9,-0.7,338.0,0.0,122.4
2020-11-27,27.0,11.0,2020.0,6286.0,0.0,43.1,-0.2,358.0,0.0,116.6
2020-11-28,28.0,11.0,2020.0,6817.0,0.0,57.9,0.0,480.0,0.0,127.9
2020-11-29,29.0,11.0,2020.0,6607.0,0.0,60.0,0.1,488.0,0.0,130.8
2020-11-30,30.0,11.0,2020.0,6914.0,0.0,62.5,-0.5,515.0,0.0,135.6
2020-12-01,1.0,12.0,2020.0,7090.0,0.0,61.7,0.8,661.0,0.0,139.5
2020-12-02,2.0,12.0,2020.0,7123.0,0.0,70.9,1.1,689.0,0.0,147.2
2020-12-03,3.0,12.0,2020.0,7124.0,0.0,70.6,1.1,471.0,0.0,145.0
2020-12-04,4.0,12.0,2020.0,7218.0,0.0,68.6,0.4,717.0,0.0,147.0
2020-12-05,5.0,12.0,2020.0,7115.0,0.0,72.7,0.7,470.0,0.0,148.5
2020-12-06,6.0,12.0,2020.0,6819.0,0.0,76.1,0.1,525.0,0.0,145.9
2020-12-07,7.0,12.0,2020.0,7111.0,0.0,76.6,0.2,470.0,0.0,147.4
2020-12-08,8.0,12.0,2020.0,7245.0,0.0,68.3,0.0,506.0,0.0,147.8
2020-12-09,9.0,12.0,2020.0,7254.0,0.0,68.0,0.2,473.0,0.0,148.4
2020-12-10,10.0,12.0,2020.0,7270.0,0.0,65.1,0.1,331.0,0.0,150.1
2020-12-11,11.0,12.0,2020.0,7442.0,0.0,67.5,-0.2,636.0,0.0,152.6
2020-12-12,12.0,12.0,2020.0,7485.0,0.0,66.2,0.3,442.0,0.0,151.6
2020-12-14,14.0,12.0,2020.0,7781.0,0.0,71.3,-0.1,313.0,0.0,156.2
2020-12-15,15.0,12.0,2020.0,7916.0,0.0,71.0,0.2,767.0,0.0,157.7
2020-12-16,16.0,12.0,2020.0,8001.0,0.0,77.6,0.4,564.0,0.0,159.8
2020-12-17,17.0,12.0,2020.0,7848.0,0.0,78.5,0.8,505.0,0.0,159.6
2020-12-18,18.0,12.0,2020.0,8206.0,0.0,81.3,0.1,336.0,0.0,163.3
2020-12-19,19.0,12.0,2020.0,8176.0,0.0,78.4,0.9,586.0,0.0,162.2
2020-12-20,20.0,12.0,2020.0,7883.0,0.0,75.8,0.2,431.0,0.0,154.8
2020-12-21,21.0,12.0,2020.0,8166.0,0.0,79.4,0.2,354.0,0.0,158.6
2020-12-22,22.0,12.0,2020.0,8380.0,0.0,84.4,-0.6,373.0,0.0,161.6
2020-12-24,24.0,12.0,2020.0,8706.0,0.0,79.9,0.2,327.0,0.0,164.8
2020-12-25,25.0,12.0,2020.0,8701.0,0.0,79.9,0.3,557.0,0.0,164.1
2020-12-26,26.0,12.0,2020.0,8638.0,0.0,81.6,0.8,1020.0,0.0,164.0
2020-12-27,27.0,12.0,2020.0,8668.0,0.0,82.9,0.3,933.0,0.0,162.3
2020-12-28,28.0,12.0,2020.0,8459.0,0.0,84.9,0.9,516.0,0.0,167.1
2020-12-30,30.0,12.0,2020.0,8885.0,0.0,75.1,-0.3,307.0,0.0,165.9
2020-12-31,31.0,12.0,2020.0,8934.0,0.0,73.1,0.6,541.0,0.0,162.6
2021-01-01,1.0,1.0,2021.0,8804.0,0.0,70.4,-1.6,384.0,0.0,156.4
2021-01-02,2.0,1.0,2021.0,8648.0,0.0,74.6,2.0,723.0,0.0,163.0
2021-01-03,3.0,1.0,2021.0,8505.0,0.0,61.2,-0.4,296.0,0.0,157.6
2021-01-04,4.0,1.0,2021.0,8774.0,0.0,63.0,-0.3,580.0,0.0,163.6
2021-01-05,5.0,1.0,2021.0,8646.0,0.0,65.2,1.4,816.0,0.0,166.1
2021-01-06,6.0,1.0,2021.0,8383.0,0.0,74.5,-0.1,524.0,0.0,164.3
2021-01-07,7.0,1.0,2021.0,7800.0,0.0,55.5,-1.4,350.0,0.0,156.2
2021-01-08,8.0,1.0,2021.0,7881.0,0.0,52.5,-0.3,449.0,0.0,162.6
2021-01-09,9.0,1.0,2021.0,7996.0,0.0,59.5,1.1,634.0,0.0,159.6
2021-01-10,10.0,1.0,2021.0,8296.0,0.0,68.2,0.1,559.0,0.0,163.0
2021-01-11,11.0,1.0,2021.0,8428.0,0.0,66.2,1.5,624.0,0.0,169.2
2021-01-12,12.0,1.0,2021.0,8578.0,0.0,60.1,0.3,856.0,0.0,170.8
2021-01-15,15.0,1.0,2021.0,8150.0,0.0,49.1,-0.1,375.0,0.0,158.0
2021-01-16,16.0,1.0,2021.0,8320.0,0.0,55.2,0.3,783.0,0.0,163.6
2021-01-17,17.0,1.0,2021.0,8924.0,0.0,57.5,1.4,441.0,0.0,168.0
2021-01-18,18.0,1.0,2021.0,8690.0,0.0,62.3,1.9,699.0,0.0,173.5
2021-01-19,19.0,1.0,2021.0,8927.0,0.0,79.5,1.0,558.0,0.0,179.7
2021-01-20,20.0,1.0,2021.0,9118.0,0.0,72.9,0.9,568.0,0.0,181.3
2021-01-21,21.0,1.0,2021.0,9370.0,0.0,74.9,1.4,469.0,0.0,185.6
2021-01-22,22.0,1.0,2021.0,9432.0,0.0,75.6,0.6,478.0,0.0,184.6
2021-01-23,23.0,1.0,2021.0,9698.0,0.0,74.4,0.1,510.0,0.0,183.9
2021-01-24,24.0,1.0,2021.0,9766.0,0.0,72.8,1.3,576.0,0.0,182.2
2021-01-25,25.0,1.0,2021.0,9700.0,0.0,76.5,0.8,815.0,0.0,183.7
2021-01-26,26.0,1.0,2021.0,9714.0,0.0,76.0,-0.2,414.0,0.0,183.0
2021-01-27,27.0,1.0,2021.0,9977.0,0.0,67.1,1.1,437.0,0.0,187.1
2021-01-28,28.0,1.0,2021.0,9930.0,0.0,75.2,0.0,415.0,0.0,185.1
2021-01-29,29.0,1.0,2021.0,9424.0,0.0,83.4,1.0,444.0,0.0,185.9
2021-01-31,31.0,1.0,2021.0,9841.0,0.0,85.5,0.1,455.0,0.0,182.1
2021-02-01,1.0,2.0,2021.0,9638.0,0.0,86.8,-0.2,556.0,0.0,184.1
2021-02-02,2.0,2.0,2021.0,9530.0,0.0,85.6,-1.1,465.0,0.0,183.8
2021-02-03,3.0,2.0,2021.0,9380.0,0.0,79.8,0.3,470.0,0.0,183.4
2021-02-04,4.0,2.0,2021.0,10054.0,0.0,80.2,0.1,505.0,0.0,184.7
2021-02-05,5.0,2.0,2021.0,9831.0,0.0,76.5,1.9,740.0,0.0,187.8
2021-02-08,8.0,2.0,2021.0,9891.0,0.0,63.0,0.1,481.0,0.0,187.6
2021-02-09,9.0,2.0,2021.0,10039.0,0.0,63.6,0.1,446.0,0.0,187.8
2021-02-10,10.0,2.0,2021.0,10276.0,0.0,72.1,0.6,464.0,0.0,190.5
2021-02-11,11.0,2.0,2021.0,10325.0,0.0,68.1,0.3,630.0,0.0,188.7
2021-02-12,12.0,2.0,2021.0,10090.0,0.0,63.2,0.1,484.0,0.0,191.1
2021-02-13,13.0,2.0,2021.0,9486.0,0.0,59.7,0.8,760.0,0.0,187.4
2021-02-14,14.0,2.0,2021.0,9432.0,0.0,61.0,0.0,492.0,0.0,186.7
2021-02-15,15.0,2.0,2021.0,9908.0,0.0,58.4,1.1,581.0,0.0,192.6
2021-02-16,16.0,2.0,2021.0,10364.0,0.0,58.6,0.3,437.0,0.0,194.6
2021-02-17,17.0,2.0,2021.0,10272.0,0.0,62.0,-0.8,483.0,0.0,193.4
2021-02-18,18.0,2.0,2021.0,10357.0,0.0,59.5,-0.1,437.0,0.0,193.8
2021-02-19,19.0,2.0,2021.0,10293.0,0.0,78.7,2.0,765.0,0.0,191.4
2021-02-20,20.0,2.0,2021.0,9156.0,0.0,68.1,-1.0,936.0,0.0,177.0
2021-02-21,21.0,2.0,2021.0,8676.0,0.0,47.2,-0.5,506.0,0.0,166.1
2021-02-22,22.0,2.0,2021.0,8779.0,0.0,51.1,-0.5,500.0,0.0,176.1
2021-02-24,24.0,2.0,2021.0,9986.0,0.0,63.5,-0.1,423.0,0.0,191.8
2021-02-25,25.0,2.0,2021.0,10218.0,0.0,70.0,1.0,600.0,0.0,196.8
2021-02-26,26.0,2.0,2021.0,10152.0,0.0,66.1,1.1,491.0,0.0,201.9
2021-02-27,27.0,2.0,2021.0,10364.0,0.0,71.7,0.6,543.0,0.0,205.9
2021-02-28,28.0,2.0,2021.0,10457.0,0.0,72.4,-0.3,371.0,0.0,201.9
2021-03-01,1.0,3.0,2021.0,10660.0,0.0,69.2,1.1,585.0,0.0,205.1
2021-03-03,3.0,3.0,2021.0,10696.0,0.0,72.3,-0.2,487.0,0.0,204.7
2021-03-04,4.0,3.0,2021.0,10703.0,0.0,68.4,-0.3,503.0,0.0,204.6
2021-03-05,5.0,3.0,2021.0,10749.0,0.0,71.4,-0.1,449.0,0.0,210.1
2021-03-06,6.0,3.0,2021.0,10703.0,0.0,74.9,0.2,513.0,0.0,209.8
2021-03-07,7.0,3.0,2021.0,10824.0,0.0,72.8,1.1,437.0,0.0,208.4
2021-03-08,8.0,3.0,2021.0,10778.0,0.0,66.6,0.3,446.0,0.0,210.3
2021-03-09,9.0,3.0,2021.0,11041.0,0.0,76.9,1.9,713.0,0.0,213.0
2021-03-10,10.0,3.0,2021.0,10853.0,0.0,85.8,0.6,537.0,0.0,212.2
2021-03-11,11.0,3.0,2021.0,11145.0,0.0,85.7,2.0,798.0,0.0,211.4
2021-03-12,12.0,3.0,2021.0,10643.0,0.0,85.8,0.5,481.0,0.0,206.7
2021-03-13,13.0,3.0,2021.0,10541.0,0.0,84.9,0.7,521.0,0.0,198.7
2021-03-14,14.0,3.0,2021.0,10741.0,0.0,86.1,0.5,501.0,0.0,209.3
2021-03-15,15.0,3.0,2021.0,10920.0,0.0,85.2,1.7,562.0,0.0,213.1
2021-03-16,16.0,3.0,2021.0,11193.0,0.0,82.1,3.0,907.0,0.0,217.5
2021-03-17,17.0,3.0,2021.0,10872.0,0.0,79.0,0.0,569.0,0.0,216.2
2021-03-18,18.0,3.0,2021.0,10976.0,0.0,77.2,-0.1,459.0,0.0,215.3
2021-03-19,19.0,3.0,2021.0,10691.0,0.0,82.7,1.9,648.0,0.0,211.1
2021-03-20,20.0,3.0,2021.0,10715.0,0.0,89.7,0.7,622.0,0.0,210.7
2021-03-21,21.0,3.0,2021.0,10915.0,0.0,89.4,0.1,324.0,0.0,209.7
2021-03-22,22.0,3.0,2021.0,11008.0,0.0,90.9,0.3,504.0,0.0,216.1
2021-03-23,23.0,3.0,2021.0,11047.0,0.0,93.6,1.2,551.0,0.0,217.2
2021-03-24,24.0,3.0,2021.0,10915.0,0.0,91.7,0.9,484.0,0.0,216.8
2021-03-25,25.0,3.0,2021.0,10715.0,0.0,84.4,2.0,569.0,0.0,218.3
2021-03-26,26.0,3.0,2021.0,11070.0,0.0,83.4,1.9,702.0,0.0,219.1
2021-03-27,27.0,3.0,2021.0,11117.0,0.0,94.9,2.3,578.0,0.0,220.7
2021-03-28,28.0,3.0,2021.0,11152.0,0.0,101.9,2.0,983.0,0.0,218.7
2021-03-29,29.0,3.0,2021.0,11068.0,0.0,117.9,0.1,542.0,0.0,219.6
2021-03-30,30.0,3.0,2021.0,11070.0,0.0,112.0,-0.7,557.0,0.0,219.5
2021-03-31,31.0,3.0,2021.0,11123.0,0.0,118.7,-0.7,770.0,0.0,225.0
2021-04-02,2.0,4.0,2021.0,11472.0,0.0,115.0,2.4,957.0,0.0,234.1
2021-04-03,3.0,4.0,2021.0,11472.0,0.0,117.9,0.6,922.0,0.0,231.5
2021-04-04,4.0,4.0,2021.0,11021.0,0.0,110.1,0.1,937.0,0.0,221.4
2021-04-05,5.0,4.0,2021.0,11402.0,0.0,107.7,-0.3,884.0,0.0,222.6
2021-04-06,6.0,4.0,2021.0,10829.0,0.0,104.0,0.0,707.0,0.0,219.4
2021-04-07,7.0,4.0,2021.0,10950.0,0.0,99.5,0.3,609.0,0.0,221.5
2021-04-08,8.0,4.0,2021.0,10810.0,0.0,98.8,-1.2,538.0,0.0,217.5
2021-04-09,9.0,4.0,2021.0,10520.0,0.0,103.8,0.6,387.0,0.0,217.8
2021-04-10,10.0,4.0,2021.0,10521.0,0.0,95.9,0.6,606.0,0.0,213.1
2021-04-11,11.0,4.0,2021.0,10659.0,0.0,103.5,0.0,552.0,0.0,213.9
2021-04-12,12.0,4.0,2021.0,10748.0,0.0,102.6,0.3,371.0,0.0,216.3
2021-04-13,13.0,4.0,2021.0,10286.0,0.0,103.7,0.5,654.0,0.0,210.9
2021-04-14,14.0,4.0,2021.0,10544.0,0.0,96.7,0.7,901.0,0.0,205.1
2021-04-15,15.0,4.0,2021.0,8900.0,0.0,91.5,0.1,965.0,0.0,177.5
2021-04-16,16.0,4.0,2021.0,8900.0,0.0,90.1,-0.1,540.0,0.0,196.2
2021-04-17,17.0,4.0,2021.0,9757.0,0.0,90.7,-1.0,633.0,0.0,201.0
2021-04-18,18.0,4.0,2021.0,9757.0,0.0,99.2,0.5,728.0,0.0,206.0
2021-04-19,19.0,4.0,2021.0,10351.0,0.0,99.4,0.7,503.0,0.0,209.8
2021-04-20,20.0,4.0,2021.0,10332.0,0.0,100.5,1.0,1020.0,0.0,207.8
2021-04-21,21.0,4.0,2021.0,10332.0,0.0,100.0,0.1,778.0,0.0,208.3
2021-04-23,23.0,4.0,2021.0,10011.0,0.0,91.4,0.6,918.0,0.0,193.0
2021-04-24,24.0,4.0,2021.0,9473.0,0.0,88.3,0.9,606.0,0.0,193.5
2021-04-25,25.0,4.0,2021.0,9340.0,0.0,87.1,0.3,446.0,0.0,195.8
2021-04-26,26.0,4.0,2021.0,10015.0,0.0,98.6,1.7,623.0,0.0,204.3
2021-04-27,27.0,4.0,2021.0,10085.0,0.0,97.2,1.0,549.0,0.0,204.9
2021-04-28,28.0,4.0,2021.0,10316.0,0.0,104.6,0.7,743.0,0.0,206.2
2021-04-29,29.0,4.0,2021.0,10211.0,0.0,104.9,0.8,670.0,0.0,206.0
2021-04-30,30.0,4.0,2021.0,10076.0,0.0,100.5,1.2,685.0,0.0,202.9
2021-05-01,1.0,5.0,2021.0,9275.0,0.0,93.3,0.9,1030.0,0.0,195.1
2021-05-02,2.0,5.0,2021.0,9715.0,0.0,101.9,0.8,828.0,0.0,196.7
2021-05-04,4.0,5.0,2021.0,10200.0,0.0,115.0,1.3,583.0,0.0,202.9
2021-05-05,5.0,5.0,2021.0,9996.0,0.0,116.5,0.3,408.0,0.0,200.7
2021-05-06,6.0,5.0,2021.0,9845.0,0.0,112.4,-0.3,514.0,0.0,200.4
2021-05-07,7.0,5.0,2021.0,9967.0,0.0,114.9,0.7,728.0,0.0,201.8
2021-05-08,8.0,5.0,2021.0,9836.0,0.0,115.2,1.0,718.0,0.0,201.6
2021-05-09,9.0,5.0,2021.0,9940.0,0.0,116.1,0.6,451.0,0.0,201.3
2021-05-10,10.0,5.0,2021.0,10252.0,0.0,130.1,1.6,872.0,0.0,207.4
2021-05-11,11.0,5.0,2021.0,10390.0,0.0,126.0,-1.3,972.0,0.0,195.2
2021-05-12,12.0,5.0,2021.0,8906.0,0.0,110.8,-0.5,583.0,0.0,178.9
2021-05-13,13.0,5.0,2021.0,9365.0,0.0,113.6,3.1,1263.0,0.0,188.3
2021-05-14,14.0,5.0,2021.0,8938.0,0.0,107.5,-1.9,860.0,0.0,187.8
2021-05-15,15.0,5.0,2021.0,8769.0,0.0,95.8,0.5,461.0,0.0,186.4
2021-05-16,16.0,5.0,2021.0,8316.0,0.0,87.8,0.0,773.0,0.0,182.8
2021-05-17,17.0,5.0,2021.0,9123.0,0.0,99.1,2.7,814.0,0.0,189.3
2021-05-18,18.0,5.0,2021.0,9289.0,0.0,97.3,3.2,1304.0,0.0,193.3
2021-05-19,19.0,5.0,2021.0,9663.0,0.0,105.9,1.1,812.0,0.0,196.4
2021-05-20,20.0,5.0,2021.0,8927.0,0.0,96.8,-0.3,1049.0,0.0,184.8
2021-05-21,21.0,5.0,2021.0,8637.0,0.0,81.9,0.4,1406.0,0.0,170.7
2021-05-22,22.0,5.0,2021.0,7490.0,0.0,75.8,-1.7,514.0,0.0,160.4
2021-05-23,23.0,5.0,2021.0,7785.0,0.0,62.3,-0.7,841.0,0.0,161.1
2021-05-24,24.0,5.0,2021.0,7851.0,0.0,70.2,1.5,1070.0,0.0,168.3
2021-05-25,25.0,5.0,2021.0,7902.0,0.0,59.5,1.1,962.0,0.0,172.5
2021-05-26,26.0,5.0,2021.0,8358.0,0.0,54.9,-0.7,1065.0,0.0,171.2
2021-05-27,27.0,5.0,2021.0,8637.0,0.0,62.7,-3.2,1122.0,0.0,178.5
2021-05-28,28.0,5.0,2021.0,9903.0,0.0,78.1,3.7,1298.0,0.0,196.4
2021-05-29,29.0,5.0,2021.0,10239.0,0.0,100.7,3.7,1204.0,0.0,203.5
2021-05-30,30.0,5.0,2021.0,10092.0,0.0,108.4,0.0,1043.0,0.0,201.6
2021-06-02,2.0,6.0,2021.0,9573.0,0.0,118.3,-0.2,801.0,0.0,194.1
2021-06-03,3.0,6.0,2021.0,7919.0,0.0,100.8,4.7,1178.0,0.0,172.6
2021-06-04,4.0,6.0,2021.0,8441.0,0.0,99.0,1.7,925.0,0.0,174.9
2021-06-05,5.0,6.0,2021.0,8245.0,0.0,99.4,1.2,766.0,0.0,175.6
2021-06-06,6.0,6.0,2021.0,8214.0,0.0,90.4,2.4,746.0,0.0,174.1
2021-06-07,7.0,6.0,2021.0,8555.0,0.0,77.9,0.9,572.0,0.0,181.3
2021-06-08,8.0,6.0,2021.0,8863.0,0.0,73.5,-0.6,429.0,0.0,186.8
2021-06-09,9.0,6.0,2021.0,9307.0,0.0,60.5,0.4,978.0,0.0,187.5
2021-06-10,10.0,6.0,2021.0,8370.0,0.0,54.5,1.0,496.0,0.0,182.7
2021-06-11,11.0,6.0,2021.0,8135.0,0.0,43.4,1.4,714.0,0.0,173.3
2021-06-12,12.0,6.0,2021.0,7790.0,0.0,45.8,0.9,608.0,0.0,171.1
2021-06-13,13.0,6.0,2021.0,7682.0,0.0,40.8,0.8,594.0,0.0,170.5
2021-06-14,14.0,6.0,2021.0,8184.0,0.0,39.7,0.1,581.0,0.0,175.2
2021-06-15,15.0,6.0,2021.0,8360.0,0.0,46.6,1.2,688.0,0.0,179.8
2021-06-16,16.0,6.0,2021.0,8775.0,0.0,59.8,1.0,736.0,0.0,185.7
2021-06-17,17.0,6.0,2021.0,8596.0,0.0,57.9,-0.8,478.0,0.0,182.5
2021-06-18,18.0,6.0,2021.0,8780.0,0.0,58.8,0.8,788.0,0.0,184.9
2021-06-19,19.0,6.0,2021.0,8747.0,0.0,60.6,0.8,1211.0,0.0,186.7
2021-06-20,20.0,6.0,2021.0,9021.0,0.0,62.3,0.7,554.0,0.0,187.7
2021-06-21,21.0,6.0,2021.0,9791.0,0.0,74.0,1.5,658.0,0.0,198.3
2021-06-22,22.0,6.0,2021.0,10172.0,0.0,88.1,1.1,926.0,0.0,203.4
2021-06-23,23.0,6.0,2021.0,9579.0,0.0,80.1,0.0,702.0,0.0,197.3
2021-06-24,24.0,6.0,2021.0,9019.0,0.0,56.1,0.1,686.0,0.0,189.0
2021-06-25,25.0,6.0,2021.0,9155.0,0.0,49.7,1.5,711.0,0.0,192.3
2021-06-26,26.0,6.0,2021.0,9686.0,0.0,60.4,0.6,639.0,0.0,195.4
2021-06-27,27.0,6.0,2021.0,8432.0,0.0,66.3,-0.1,532.0,0.0,177.2
2021-06-28,28.0,6.0,2021.0,9030.0,0.0,72.3,2.7,929.0,0.0,179.7
2021-06-29,29.0,6.0,2021.0,9657.0,0.0,77.2,5.0,1255.0,0.0,195.3
2021-06-30,30.0,6.0,2021.0,9994.0,0.0,69.4,3.3,1634.0,0.0,199.3
2021-07-01,1.0,7.0,2021.0,9994.0,0.0,60.1,0.2,841.0,0.0,189.8
2021-07-02,2.0,7.0,2021.0,8480.0,0.0,54.1,-0.4,726.0,0.0,179.6
2021-07-03,3.0,7.0,2021.0,8291.0,0.0,52.5,1.2,862.0,0.0,176.0
2021-07-04,4.0,7.0,2021.0,8323.0,0.0,54.6,-0.7,411.0,0.0,172.6
2021-07-05,5.0,7.0,2021.0,8146.0,0.0,50.0,1.8,1200.0,0.0,171.9
2021-07-06,6.0,7.0,2021.0,8522.0,0.0,67.6,3.5,1448.0,0.0,179.8
2021-07-07,7.0,7.0,2021.0,8978.0,0.0,66.7,-0.3,808.0,0.0,182.5
2021-07-08,8.0,7.0,2021.0,7955.0,0.0,57.7,1.0,675.0,0.0,174.3
2021-07-09,9.0,7.0,2021.0,7791.0,0.0,52.3,-0.8,402.0,0.0,170.3
2021-07-11,11.0,7.0,2021.0,7190.0,0.0,34.3,-1.1,465.0,0.0,161.3
2021-07-12,12.0,7.0,2021.0,7574.0,0.0,31.8,0.6,462.0,0.0,163.7
2021-07-13,13.0,7.0,2021.0,7749.0,0.0,32.2,1.0,713.0,0.0,164.4
2021-07-14,14.0,7.0,2021.0,7550.0,0.0,37.7,0.2,934.0,0.0,159.7
2021-07-15,15.0,7.0,2021.0,7589.0,0.0,36.4,-0.2,514.0,0.0,154.1
2021-07-16,16.0,7.0,2021.0,7661.0,0.0,41.9,0.0,616.0,0.0,160.2
2021-07-18,18.0,7.0,2021.0,7332.0,0.0,35.8,-0.1,669.0,0.0,157.8
2021-07-19,19.0,7.0,2021.0,7683.0,0.0,38.4,0.1,717.0,0.0,161.7
2021-07-20,20.0,7.0,2021.0,7528.0,0.0,38.6,0.4,435.0,0.0,164.0
2021-07-21,21.0,7.0,2021.0,7240.0,0.0,34.6,0.3,430.0,0.0,156.7
2021-07-22,22.0,7.0,2021.0,6790.0,0.0,31.5,-0.8,312.0,0.0,142.0
2021-07-23,23.0,7.0,2021.0,7171.0,0.0,31.9,-0.3,1015.0,0.0,149.1
2021-07-24,24.0,7.0,2021.0,7584.0,0.0,35.6,-0.7,365.0,0.0,160.1
2021-07-25,25.0,7.0,2021.0,7941.0,0.0,40.6,-1.1,484.0,0.0,169.1
2021-07-26,26.0,7.0,2021.0,8291.0,0.0,40.2,-0.1,486.0,0.0,175.8
2021-07-27,27.0,7.0,2021.0,8673.0,0.0,43.0,-0.3,600.0,0.0,186.7
2021-07-28,28.0,7.0,2021.0,9227.0,0.0,37.5,-0.3,539.0,0.0,192.4
2021-07-29,29.0,7.0,2021.0,9435.0,0.0,37.3,0.6,583.0,0.0,194.6
2021-07-30,30.0,7.0,2021.0,9509.0,0.0,40.6,-0.7,542.0,0.0,196.3
2021-07-31,31.0,7.0,2021.0,9654.0,0.0,41.2,0.1,441.0,0.0,196.6
2021-08-01,1.0,8.0,2021.0,9363.0,0.0,39.7,-0.3,569.0,0.0,194.4
2021-08-02,2.0,8.0,2021.0,10362.0,0.0,44.3,0.0,707.0,0.0,205.9
2021-08-03,3.0,8.0,2021.0,10414.0,0.0,45.3,-0.1,629.0,0.0,209.6
2021-08-04,4.0,8.0,2021.0,10680.0,0.0,45.8,-0.6,485.0,0.0,213.8
2021-08-05,5.0,8.0,2021.0,10687.0,0.0,50.4,1.3,764.0,0.0,219.5
2021-08-06,6.0,8.0,2021.0,10715.0,0.0,54.4,1.2,758.0,0.0,216.6
2021-08-07,7.0,8.0,2021.0,11018.0,0.0,72.7,0.6,787.0,0.0,219.2
2021-08-08,8.0,8.0,2021.0,10914.0,0.0,87.4,3.9,1468.0,0.0,214.7
2021-08-09,9.0,8.0,2021.0,10804.0,0.0,84.9,0.2,764.0,0.0,216.9
2021-08-10,10.0,8.0,2021.0,9342.0,0.0,63.6,-0.5,472.0,0.0,201.5
2021-08-11,11.0,8.0,2021.0,10130.0,0.0,65.4,1.5,806.0,0.0,206.1
2021-08-12,12.0,8.0,2021.0,10615.0,0.0,68.5,-1.0,637.0,0.0,212.3
2021-08-13,13.0,8.0,2021.0,9704.0,0.0,68.7,1.8,763.0,0.0,204.7
2021-08-14,14.0,8.0,2021.0,9119.0,0.0,54.5,0.1,621.0,0.0,194.2
2021-08-15,15.0,8.0,2021.0,9249.0,0.0,54.3,0.9,555.0,0.0,187.3
2021-08-17,17.0,8.0,2021.0,8434.0,0.0,74.3,0.8,918.0,0.0,179.8
2021-08-18,18.0,8.0,2021.0,8968.0,0.0,67.0,-0.7,541.0,0.0,188.7
2021-08-19,19.0,8.0,2021.0,9405.0,0.0,57.4,0.5,500.0,0.0,195.5
2021-08-20,20.0,8.0,2021.0,9632.0,0.0,81.8,1.6,799.0,0.0,195.9
2021-08-21,21.0,8.0,2021.0,9202.0,0.0,90.0,0.6,644.0,0.0,187.9
2021-08-22,22.0,8.0,2021.0,8827.0,0.0,88.3,0.7,446.0,0.0,182.4
2021-08-23,23.0,8.0,2021.0,9110.0,0.0,98.4,0.6,553.0,0.0,189.3
2021-08-24,24.0,8.0,2021.0,9530.0,0.0,102.4,1.2,862.0,0.0,196.4
2021-08-25,25.0,8.0,2021.0,9378.0,0.0,100.6,-0.7,522.0,0.0,194.0
2021-08-26,26.0,8.0,2021.0,9246.0,0.0,89.8,0.6,936.0,0.0,190.8
2021-08-27,27.0,8.0,2021.0,9120.0,0.0,93.8,-3.9,620.0,0.0,187.6
2021-08-28,28.0,8.0,2021.0,8167.0,0.0,67.1,5.7,1429.0,5.4,172.6
2021-08-29,29.0,8.0,2021.0,8027.0,0.0,65.5,-1.3,472.0,0.0,172.0
2021-08-30,30.0,8.0,2021.0,8078.0,0.0,55.6,1.0,617.0,0.21,173.4
2021-08-31,31.0,8.0,2021.0,8267.0,0.0,72.1,1.2,666.0,0.0,178.1
2021-09-01,1.0,9.0,2021.0,8480.0,0.0,78.6,-0.2,475.0,0.0,181.5
2021-09-02,2.0,9.0,2021.0,8323.0,0.0,71.0,0.5,542.0,0.0,179.8
2021-09-03,3.0,9.0,2021.0,8520.0,0.0,72.8,3.2,1035.0,0.0,176.9
2021-09-04,4.0,9.0,2021.0,8204.0,0.0,61.9,-0.2,541.0,0.0,178.6
2021-09-06,6.0,9.0,2021.0,7668.0,0.0,45.8,-1.4,501.0,0.0,165.7
2021-09-07,7.0,9.0,2021.0,7914.0,0.0,40.1,-0.2,534.0,0.0,168.6
2021-09-08,8.0,9.0,2021.0,8173.0,0.0,52.6,1.2,784.0,0.0,176.9
2021-09-09,9.0,9.0,2021.0,8580.0,0.0,62.1,0.1,501.0,0.0,186.6
2021-09-10,10.0,9.0,2021.0,8922.0,0.0,60.0,-1.1,650.0,0.0,186.6
2021-09-11,11.0,9.0,2021.0,8802.0,0.0,58.9,1.1,965.0,0.0,183.6
2021-09-12,12.0,9.0,2021.0,9035.0,0.0,54.0,0.2,1001.0,0.0,187.6
2021-09-13,13.0,9.0,2021.0,9429.0,0.0,53.7,0.0,1067.0,0.0,194.0
2021-09-14,14.0,9.0,2021.0,9588.0,0.0,59.6,-0.3,340.0,0.0,198.7
2021-09-15,15.0,9.0,2021.0,10207.0,0.0,76.7,0.9,462.0,0.0,205.1
2021-09-16,16.0,9.0,2021.0,10445.0,0.0,80.7,-0.2,587.0,0.0,211.8
2021-09-17,17.0,9.0,2021.0,10388.0,0.0,87.8,0.4,504.0,0.0,212.3
2021-09-18,18.0,9.0,2021.0,10338.0,0.0,97.4,-1.4,571.0,0.0,209.3
2021-09-19,19.0,9.0,2021.0,10338.0,0.0,94.5,0.7,764.0,0.0,205.0
2021-09-20,20.0,9.0,2021.0,10026.0,0.0,97.1,2.3,987.0,1.6,202.1
2021-09-21,21.0,9.0,2021.0,9944.0,0.0,88.7,1.2,544.0,0.0,205.8
2021-09-22,22.0,9.0,2021.0,9331.0,0.0,73.6,1.1,1283.0,0.5,197.2
2021-09-24,24.0,9.0,2021.0,9351.0,0.0,84.1,0.8,1699.0,0.0,192.0
2021-09-25,25.0,9.0,2021.0,9477.0,0.0,82.8,0.8,711.0,0.0,194.7
2021-09-26,26.0,9.0,2021.0,8731.0,0.0,70.2,-0.8,412.0,0.0,182.9
2021-09-27,27.0,9.0,2021.0,7525.0,0.0,44.6,-0.9,440.0,0.0,164.5
2021-09-28,28.0,9.0,2021.0,8620.0,0.0,47.6,1.1,792.0,0.0,182.1
2021-09-29,29.0,9.0,2021.0,8588.0,0.0,75.5,1.1,806.0,0.0,187.6
2021-09-30,30.0,9.0,2021.0,8889.0,0.0,82.8,1.6,839.0,0.82,188.7
2021-10-02,2.0,10.0,2021.0,8788.0,0.0,81.9,2.0,611.0,0.0,188.3
2021-10-03,3.0,10.0,2021.0,9009.0,0.0,82.4,0.4,536.0,0.0,191.1
2021-10-04,4.0,10.0,2021.0,9765.0,0.0,89.3,3.6,895.0,0.0,198.0
2021-10-05,5.0,10.0,2021.0,9477.0,0.0,97.7,3.7,1174.0,0.0,195.7
2021-10-06,6.0,10.0,2021.0,8367.0,0.0,96.2,0.6,856.0,0.32,182.8
2021-10-07,7.0,10.0,2021.0,8378.0,0.0,86.1,2.1,561.0,1.29,181.3
2021-10-08,8.0,10.0,2021.0,8327.0,0.0,78.7,3.5,965.0,2.69,180.2
2021-10-10,10.0,10.0,2021.0,8291.0,0.0,76.3,1.7,916.0,0.29,176.7
2021-10-11,11.0,10.0,2021.0,8767.0,0.0,80.8,2.1,716.0,1.28,182.6
2021-10-12,12.0,10.0,2021.0,9064.0,0.0,85.3,3.9,1005.0,0.76,185.4
2021-10-13,13.0,10.0,2021.0,9285.0,0.0,82.9,4.4,817.0,3.34,184.5
2021-10-14,14.0,10.0,2021.0,9339.0,0.0,92.6,4.0,804.0,0.76,191.0
2021-10-16,16.0,10.0,2021.0,8514.0,0.0,73.9,1.6,791.0,0.0,182.0
2021-10-17,17.0,10.0,2021.0,8945.0,0.0,70.5,0.4,1126.0,0.0,182.9
2021-10-18,18.0,10.0,2021.0,9178.0,0.0,56.2,0.4,759.0,0.0,191.8
2021-10-19,19.0,10.0,2021.0,9865.0,0.0,81.3,-7.4,582.0,0.0,202.0
2021-10-20,20.0,10.0,2021.0,9815.0,0.0,83.7,1.2,545.0,0.0,201.6
2021-10-21,21.0,10.0,2021.0,9590.0,0.0,94.2,0.9,488.0,0.0,198.6
2021-10-22,22.0,10.0,2021.0,9552.0,0.0,96.6,0.3,571.0,0.0,199.3
2021-10-23,23.0,10.0,2021.0,9512.0,0.0,98.4,-0.2,451.0,0.0,197.8
2021-10-24,24.0,10.0,2021.0,8688.0,0.0,75.9,-0.6,418.0,0.0,182.6
2021-10-25,25.0,10.0,2021.0,8841.0,0.0,74.9,-0.1,429.0,0.0,187.4
2021-10-26,26.0,10.0,2021.0,9119.0,0.0,74.8,1.7,392.0,0.0,190.2
2021-10-27,27.0,10.0,2021.0,9343.0,0.0,76.7,-0.1,457.0,0.0,194.0
2021-10-28,28.0,10.0,2021.0,9586.0,0.0,77.8,1.7,807.0,0.0,196.1
2021-10-29,29.0,10.0,2021.0,8925.0,0.0,75.9,1.0,833.0,0.0,184.7
2021-10-30,30.0,10.0,2021.0,8271.0,0.0,68.9,0.3,545.0,0.0,176.1
2021-10-31,31.0,10.0,2021.0,7859.0,0.0,63.6,-0.9,815.0,0.0,172.1
2021-11-01,1.0,11.0,2021.0,7717.0,0.0,60.9,0.5,547.0,0.0,167.1
2021-11-02,2.0,11.0,2021.0,7765.0,0.0,57.5,-1.5,471.0,0.0,163.6
2021-11-03,3.0,11.0,2021.0,7641.0,0.0,58.2,-0.3,519.0,0.0,160.9
2021-11-04,4.0,11.0,2021.0,7235.0,0.0,55.1,-2.0,411.0,0.0,150.1
2021-11-05,5.0,11.0,2021.0,7563.0,0.0,56.9,-0.4,580.0,0.0,155.7
2021-11-06,6.0,11.0,2021.0,7626.0,0.0,62.5,-0.6,436.0,0.0,162.7
2021-11-07,7.0,11.0,2021.0,7245.0,0.0,61.9,-0.2,553.0,0.0,160.0
2021-11-08,8.0,11.0,2021.0,7554.0,0.0,63.2,-0.8,509.0,0.0,162.9
2021-11-09,9.0,11.0,2021.0,7865.0,0.0,56.4,0.2,439.0,0.0,166.3
2021-11-10,10.0,11.0,2021.0,7865.0,0.0,50.8,0.6,592.0,0.0,168.0
2021-11-11,11.0,11.0,2021.0,7146.0,0.0,40.1,-0.5,322.0,0.0,153.5
2021-11-12,12.0,11.0,2021.0,7323.0,0.0,39.1,0.5,454.0,0.0,150.9
2021-11-13,13.0,11.0,2021.0,7794.0,0.0,45.9,-0.1,566.0,0.0,151.7
2021-11-14,14.0,11.0,2021.0,7341.0,0.0,56.0,-0.9,399.0,0.0,151.9
2021-11-15,15.0,11.0,2021.0,7723.0,0.0,64.9,-0.2,425.0,0.0,156.8
2021-11-16,16.0,11.0,2021.0,7699.0,0.0,61.6,0.8,542.0,0.0,156.8
2021-11-17,17.0,11.0,2021.0,7574.0,0.0,61.2,0.1,353.0,0.0,155.0
2021-11-18,18.0,11.0,2021.0,7183.0,0.0,65.0,0.8,596.0,0.0,148.8
2021-11-19,19.0,11.0,2021.0,7108.0,0.0,56.3,-1.2,606.0,0.0,141.1
2021-11-20,20.0,11.0,2021.0,7218.0,0.0,58.1,0.5,572.0,0.0,141.8
2021-11-21,21.0,11.0,2021.0,7036.0,0.0,58.3,0.0,460.0,0.0,139.7
2021-11-22,22.0,11.0,2021.0,7526.0,0.0,59.7,-0.2,514.0,0.0,147.7
2021-11-23,23.0,11.0,2021.0,7642.0,0.0,64.0,-0.3,483.0,0.0,154.2
2021-11-24,24.0,11.0,2021.0,7584.0,0.0,65.7,0.0,616.0,0.0,154.9
2021-11-25,25.0,11.0,2021.0,7547.0,0.0,70.2,-0.5,503.0,0.0,155.6
2021-11-26,26.0,11.0,2021.0,7598.0,0.0,66.4,0.3,591.0,0.0,155.9
2021-11-27,27.0,11.0,2021.0,7457.0,0.0,66.0,0.4,685.0,0.0,153.1
2021-11-28,28.0,11.0,2021.0,6837.0,0.0,59.7,-0.8,425.0,0.0,143.3
2021-11-29,29.0,11.0,2021.0,7054.0,0.0,55.9,-0.1,450.0,0.0,142.3
2021-11-30,30.0,11.0,2021.0,7248.0,0.0,52.8,-0.5,404.0,0.0,143.2
2021-12-01,1.0,12.0,2021.0,7285.0,0.0,44.4,-0.6,463.0,0.0,145.0
2021-12-02,2.0,12.0,2021.0,7247.0,0.0,53.9,-0.1,433.0,0.0,147.8
2021-12-03,3.0,12.0,2021.0,7191.0,0.0,63.0,-0.3,415.0,0.2,148.5
2021-12-04,4.0,12.0,2021.0,7318.0,0.0,68.9,-0.3,489.0,0.0,150.2
2021-12-05,5.0,12.0,2021.0,7233.0,0.0,74.6,-0.2,412.0,0.0,152.3
2021-12-06,6.0,12.0,2021.0,7720.0,0.0,80.8,0.5,413.0,0.0,153.2
2021-12-07,7.0,12.0,2021.0,7918.0,0.0,81.4,-0.2,401.0,0.0,154.6
2021-12-08,8.0,12.0,2021.0,7852.0,0.0,76.0,-0.6,351.0,0.0,165.6
2021-12-09,9.0,12.0,2021.0,7813.0,0.0,72.7,0.4,558.0,0.0,160.5
2021-12-10,10.0,12.0,2021.0,7444.0,0.0,78.8,-1.1,308.0,0.0,159.0
2021-12-11,11.0,12.0,2021.0,7358.0,0.0,73.9,0.2,441.0,0.0,158.3
2021-12-12,12.0,12.0,2021.0,7612.0,0.0,75.4,0.0,318.0,0.0,158.3
2021-12-13,13.0,12.0,2021.0,7837.0,0.0,76.7,0.0,573.0,0.0,162.2
2021-12-14,14.0,12.0,2021.0,7859.0,0.0,72.6,0.5,932.0,0.0,164.8
2021-12-15,15.0,12.0,2021.0,8051.0,0.0,77.8,0.0,585.0,0.0,166.4
2021-12-16,16.0,12.0,2021.0,8225.0,0.0,76.5,-0.1,455.0,0.0,166.7
2021-12-17,17.0,12.0,2021.0,8336.0,0.0,78.9,0.8,341.0,0.0,166.3
2021-12-18,18.0,12.0,2021.0,8280.0,0.0,78.0,-0.3,314.0,0.0,163.4
2021-12-19,19.0,12.0,2021.0,8405.0,0.0,69.5,1.0,563.0,0.0,160.4
2021-12-20,20.0,12.0,2021.0,8554.0,0.0,71.2,1.3,408.0,0.0,165.8
2021-12-21,21.0,12.0,2021.0,8664.0,0.0,76.6,0.2,470.0,0.0,167.3
2021-12-22,22.0,12.0,2021.0,8851.0,0.0,77.8,-0.1,391.0,0.0,168.8
2021-12-24,24.0,12.0,2021.0,9012.0,0.0,78.2,0.6,446.0,0.0,172.6
2021-12-25,25.0,12.0,2021.0,9187.0,0.0,78.4,-0.1,341.0,0.0,171.3
2021-12-26,26.0,12.0,2021.0,9004.0,0.0,76.1,-0.8,222.0,0.0,167.8
2021-12-27,27.0,12.0,2021.0,9230.0,0.0,72.9,0.8,485.0,0.0,175.3
2021-12-28,28.0,12.0,2021.0,9363.0,0.0,76.6,-0.1,805.0,0.0,178.4
2021-12-29,29.0,12.0,2021.0,9462.0,0.0,82.9,0.3,371.0,0.0,179.3
2021-12-30,30.0,12.0,2021.0,9206.0,0.0,74.2,0.1,493.0,0.0,174.9
2021-12-31,31.0,12.0,2021.0,9003.0,0.0,73.6,0.9,706.0,0.0,175.6
2022-01-01,1.0,1.0,2022.0,9242.0,0.0,67.4,-0.1,440.0,0.0,170.7
2022-01-02,2.0,1.0,2022.0,8910.0,0.0,69.1,-1.5,397.0,0.0,169.7
2022-01-03,3.0,1.0,2022.0,9259.0,0.0,73.7,0.5,350.0,0.0,177.0
2022-01-04,4.0,1.0,2022.0,9235.0,0.0,71.2,0.2,436.0,0.0,177.5
2022-01-05,5.0,1.0,2022.0,9360.0,0.0,76.1,-0.4,387.0,0.0,179.3
2022-01-06,6.0,1.0,2022.0,9617.0,0.0,86.3,0.7,636.0,0.0,182.9
2022-01-07,7.0,1.0,2022.0,9652.0,0.0,78.2,0.2,840.0,0.0,183.5
2022-01-08,8.0,1.0,2022.0,9398.0,0.0,74.5,0.2,555.0,0.0,180.8
2022-01-09,9.0,1.0,2022.0,9729.0,0.0,83.7,0.5,463.0,0.0,182.1
2022-01-10,10.0,1.0,2022.0,10038.0,0.0,84.2,0.9,540.0,0.0,185.9
2022-01-11,11.0,1.0,2022.0,10116.0,0.0,86.8,0.9,403.0,0.0,188.9
2022-01-12,12.0,1.0,2022.0,10119.0,0.0,94.5,1.4,625.0,1.02,187.3
2022-01-13,13.0,1.0,2022.0,9185.0,0.0,81.7,-0.7,453.0,0.0,175.9
2022-01-15,15.0,1.0,2022.0,8512.0,0.0,63.0,0.2,414.0,0.0,157.7
2022-01-16,16.0,1.0,2022.0,8119.0,0.0,51.6,-0.3,424.0,0.0,152.8
2022-01-17,17.0,1.0,2022.0,8370.0,0.0,55.4,-0.3,568.0,0.0,164.1
2022-01-18,18.0,1.0,2022.0,8813.0,0.0,65.7,1.2,773.0,0.0,171.7
2022-01-19,19.0,1.0,2022.0,9006.0,0.0,71.2,1.4,660.0,0.0,174.9
2022-01-20,20.0,1.0,2022.0,9306.0,0.0,72.0,3.1,907.0,0.0,176.5
2022-01-21,21.0,1.0,2022.0,9505.0,0.0,78.4,2.0,883.0,0.0,183.6
2022-01-22,22.0,1.0,2022.0,9816.0,0.0,71.6,0.9,558.0,0.0,188.0
2022-01-23,23.0,1.0,2022.0,9972.0,0.0,68.6,0.9,438.0,0.0,186.9
2022-01-24,24.0,1.0,2022.0,10025.0,0.0,76.4,1.5,529.0,0.0,188.7
2022-01-25,25.0,1.0,2022.0,10012.0,0.0,82.1,1.8,485.0,0.21,190.1
2022-01-26,26.0,1.0,2022.0,9826.0,0.0,81.3,0.6,482.0,0.0,185.4
2022-01-27,27.0,1.0,2022.0,9567.0,0.0,73.8,1.0,600.0,0.0,184.7
2022-01-28,28.0,1.0,2022.0,9679.0,0.0,68.0,-0.1,552.0,0.0,186.8
2022-01-29,29.0,1.0,2022.0,10004.0,0.0,65.5,1.7,955.0,0.0,186.9
2022-01-30,30.0,1.0,2022.0,10014.0,0.0,86.6,0.7,539.0,0.0,184.2
2022-01-31,31.0,1.0,2022.0,10043.0,0.0,82.9,2.0,642.0,0.62,188.1
2022-02-01,1.0,2.0,2022.0,10095.0,0.0,71.1,1.6,972.0,0.0,190.9
2022-02-02,2.0,2.0,2022.0,10335.0,0.0,73.1,0.9,540.0,0.89,193.6
2022-02-03,3.0,2.0,2022.0,9583.0,500.0,47.5,9.1,1644.0,22.36,171.0
2022-02-04,4.0,2.0,2022.0,10386.0,850.0,54.2,8.2,1483.0,22.13,171.9
2022-02-05,5.0,2.0,2022.0,10896.0,1500.0,78.2,3.9,1566.0,4.3,193.9
2022-02-06,6.0,2.0,2022.0,11018.0,0.0,60.0,0.9,660.0,0.0,199.7
2022-02-07,7.0,2.0,2022.0,11342.0,0.0,60.5,2.2,1085.0,0.0,200.1
2022-02-08,8.0,2.0,2022.0,11154.0,0.0,59.3,1.9,831.0,1.09,199.6
2022-02-09,9.0,2.0,2022.0,10954.0,0.0,60.6,1.1,1195.0,0.0,202.9
2022-02-10,10.0,2.0,2022.0,10954.0,0.0,54.1,0.4,769.0,0.0,201.0
2022-02-11,11.0,2.0,2022.0,10732.0,0.0,55.1,1.5,1218.0,0.0,199.4
2022-02-12,12.0,2.0,2022.0,10501.0,500.0,56.0,1.8,920.0,9.66,190.9
2022-02-13,13.0,2.0,2022.0,10883.0,0.0,81.7,0.0,514.0,0.0,197.5
2022-02-14,14.0,2.0,2022.0,10603.0,0.0,65.5,2.6,1153.0,2.24,194.1
2022-02-15,15.0,2.0,2022.0,10628.0,1500.0,63.9,3.2,1708.0,8.38,189.7
2022-02-16,16.0,2.0,2022.0,10870.0,500.0,84.0,2.0,1140.0,1.52,203.0
2022-02-17,17.0,2.0,2022.0,10774.0,0.0,80.2,-0.3,370.0,0.0,202.9
2022-02-18,18.0,2.0,2022.0,10811.0,0.0,73.7,0.1,587.0,0.0,204.0
2022-02-19,19.0,2.0,2022.0,10208.0,0.0,71.2,1.1,620.0,0.0,201.5
2022-02-20,20.0,2.0,2022.0,10540.0,0.0,84.6,1.3,1110.0,0.0,200.2
2022-02-21,21.0,2.0,2022.0,10871.0,0.0,86.9,1.4,510.0,0.0,205.7
2022-02-22,22.0,2.0,2022.0,10638.0,0.0,92.2,4.3,1820.0,0.44,207.3
2022-02-23,23.0,2.0,2022.0,10943.0,450.0,81.4,0.2,566.0,0.26,212.4
2022-02-24,24.0,2.0,2022.0,11056.0,0.0,90.1,1.8,957.0,0.0,212.6
2022-02-25,25.0,2.0,2022.0,10880.0,0.0,99.9,-0.2,369.0,0.0,210.4
2022-02-26,26.0,2.0,2022.0,10997.0,0.0,90.8,-1.0,529.0,0.0,210.5
2022-02-27,27.0,2.0,2022.0,11043.0,0.0,78.3,0.7,595.0,0.0,206.2
2022-02-28,28.0,2.0,2022.0,10906.0,0.0,83.5,0.3,350.0,0.0,209.1
2022-03-01,1.0,3.0,2022.0,11058.0,0.0,84.1,-0.2,539.0,0.0,208.3
2022-03-02,2.0,3.0,2022.0,10943.0,0.0,76.4,0.1,516.0,0.0,208.4
2022-03-03,3.0,3.0,2022.0,11098.0,0.0,81.0,-0.8,656.0,0.0,211.5
2022-03-04,4.0,3.0,2022.0,10844.0,0.0,80.6,0.3,451.0,0.0,212.4
2022-03-05,5.0,3.0,2022.0,11093.0,0.0,90.8,1.6,623.0,0.0,213.4
2022-03-06,6.0,3.0,2022.0,11134.0,0.0,84.8,1.1,702.0,0.0,211.5
2022-03-07,7.0,3.0,2022.0,11212.0,0.0,94.1,2.8,1039.0,0.0,215.5
2022-03-08,8.0,3.0,2022.0,11339.0,0.0,112.3,1.5,538.0,0.0,220.2
2022-03-09,9.0,3.0,2022.0,11474.0,0.0,114.0,1.6,510.0,0.0,222.8
2022-03-10,10.0,3.0,2022.0,11724.0,0.0,108.3,0.2,427.0,0.0,224.6
2022-03-11,11.0,3.0,2022.0,11454.0,0.0,97.5,-0.5,439.0,0.0,222.3
2022-03-12,12.0,3.0,2022.0,10965.0,0.0,95.6,-0.1,500.0,0.0,216.2
2022-03-13,13.0,3.0,2022.0,11336.0,0.0,96.6,0.6,770.0,0.0,218.1
2022-03-14,14.0,3.0,2022.0,11751.0,0.0,105.5,0.5,664.0,0.0,222.8
2022-03-15,15.0,3.0,2022.0,11810.0,0.0,111.1,0.8,525.0,0.0,224.8
2022-03-16,16.0,3.0,2022.0,11776.0,0.0,110.4,2.0,836.0,0.0,226.0
2022-03-17,17.0,3.0,2022.0,11990.0,0.0,109.5,3.3,1059.0,0.52,228.3
2022-03-18,18.0,3.0,2022.0,11825.0,0.0,111.0,-0.7,562.0,0.04,224.9
2022-03-19,19.0,3.0,2022.0,11431.0,0.0,110.9,0.3,579.0,0.0,226.2
2022-03-20,20.0,3.0,2022.0,11428.0,0.0,104.9,-0.1,576.0,0.0,222.3
2022-03-21,21.0,3.0,2022.0,11428.0,0.0,105.7,-0.7,455.0,0.0,224.8
2022-03-22,22.0,3.0,2022.0,11233.0,0.0,93.0,1.8,876.0,3.5,217.6
2022-03-23,23.0,3.0,2022.0,11499.0,0.0,93.4,3.9,983.0,4.7,220.7
2022-03-24,24.0,3.0,2022.0,11566.0,0.0,102.5,3.4,712.0,0.0,226.9
2022-03-25,25.0,3.0,2022.0,11676.0,0.0,95.9,1.9,700.0,1.6,223.1
2022-03-26,26.0,3.0,2022.0,11845.0,0.0,102.3,1.7,493.0,0.2,227.8
2022-03-27,27.0,3.0,2022.0,11934.0,0.0,103.3,0.5,460.0,0.0,230.7
2022-03-28,28.0,3.0,2022.0,12032.0,0.0,107.9,1.8,702.0,0.0,234.6
2022-03-29,29.0,3.0,2022.0,11163.0,0.0,103.5,5.2,935.0,14.04,221.0
2022-03-30,30.0,3.0,2022.0,11161.0,799.0,96.0,6.0,1463.0,19.84,215.0
2022-03-31,31.0,3.0,2022.0,11556.0,694.0,96.0,5.9,1518.0,18.65,221.5
2022-04-03,3.0,4.0,2022.0,11448.0,0.0,83.2,3.3,870.0,9.16,214.5
2022-04-05,5.0,4.0,2022.0,11770.0,1000.0,82.8,3.4,943.0,13.47,218.7
2022-04-08,8.0,4.0,2022.0,12293.0,500.0,79.6,3.1,921.0,21.76,217.1
2022-04-09,9.0,4.0,2022.0,10909.0,612.0,82.1,-0.7,486.0,14.16,211.8
2022-04-10,10.0,4.0,2022.0,11042.0,836.0,83.2,0.4,512.0,20.68,207.4
2022-04-11,11.0,4.0,2022.0,11362.0,518.0,78.7,1.3,795.0,11.93,209.4
2022-04-12,12.0,4.0,2022.0,11259.0,991.0,74.4,1.3,633.0,26.13,208.8
2022-04-13,13.0,4.0,2022.0,11260.0,944.0,78.6,1.9,768.0,24.28,209.2
2022-04-14,14.0,4.0,2022.0,11334.0,914.0,97.0,1.7,852.0,21.1,213.0
2022-04-15,15.0,4.0,2022.0,11385.0,984.0,90.9,1.7,672.0,22.09,211.6
2022-04-16,16.0,4.0,2022.0,11110.0,958.0,82.2,0.1,931.0,21.2,210.5
2022-04-17,17.0,4.0,2022.0,10295.0,940.0,78.5,-0.3,614.0,21.08,200.7
2022-04-18,18.0,4.0,2022.0,10655.0,927.0,76.8,0.2,1137.0,22.22,203.2
2022-04-19,19.0,4.0,2022.0,10847.0,917.0,75.5,0.1,1238.0,22.14,205.4
2022-04-20,20.0,4.0,2022.0,10751.0,0.0,78.2,2.4,565.0,8.2,201.7
2022-04-21,21.0,4.0,2022.0,11045.0,259.0,80.6,2.9,775.0,3.84,208.4
2022-04-22,22.0,4.0,2022.0,11079.0,0.0,80.6,0.6,558.0,1.15,208.9
2022-04-23,23.0,4.0,2022.0,11072.0,0.0,81.7,2.4,654.0,1.86,208.1
2022-04-24,24.0,4.0,2022.0,10984.0,0.0,83.9,2.3,720.0,1.43,206.1
2022-04-25,25.0,4.0,2022.0,11338.0,0.0,89.0,0.5,1027.0,1.05,210.9
2022-04-26,26.0,4.0,2022.0,11400.0,0.0,80.8,0.2,659.0,2.93,209.5
2022-04-27,27.0,4.0,2022.0,11317.0,19.0,83.1,2.6,796.0,2.71,214.3
2022-04-28,28.0,4.0,2022.0,11488.0,40.0,83.3,-0.4,492.0,1.04,215.6
2022-04-29,29.0,4.0,2022.0,11560.0,180.0,84.3,3.8,758.0,3.7,215.2
2022-05-01,1.0,5.0,2022.0,10905.0,0.0,75.3,-1.3,654.0,0.0,207.1
2022-05-02,2.0,5.0,2022.0,10724.0,0.0,70.2,1.8,753.0,0.0,208.3
2022-05-03,3.0,5.0,2022.0,10815.0,0.0,82.6,1.9,1647.0,0.0,202.7
2022-05-04,4.0,5.0,2022.0,9711.0,0.0,86.6,3.3,912.0,0.0,200.7
2022-05-05,5.0,5.0,2022.0,10402.0,0.0,83.8,0.0,578.0,0.0,200.4
2022-05-06,6.0,5.0,2022.0,10468.0,0.0,82.4,0.8,989.0,0.0,195.1
2022-05-07,7.0,5.0,2022.0,9765.0,0.0,78.2,-0.8,538.0,0.0,194.2
2022-05-08,8.0,5.0,2022.0,9711.0,0.0,71.9,-3.5,524.0,0.0,190.0
2022-05-09,9.0,5.0,2022.0,9746.0,0.0,49.6,-3.8,482.0,0.0,187.0
2022-05-10,10.0,5.0,2022.0,7779.0,0.0,5.4,-3.1,493.0,0.0,166.5
2022-05-11,11.0,5.0,2022.0,7070.0,0.0,-11.4,-1.1,666.0,0.0,151.7
2022-05-12,12.0,5.0,2022.0,7452.0,0.0,1.6,-0.6,867.0,0.0,161.4
2022-05-13,13.0,5.0,2022.0,8048.0,0.0,30.4,1.5,1486.0,0.5,172.9
2022-05-14,14.0,5.0,2022.0,8461.0,0.0,44.8,-1.1,564.0,0.0,180.6
2022-05-15,15.0,5.0,2022.0,8596.0,0.0,54.2,0.3,398.0,0.0,187.5
2022-05-16,16.0,5.0,2022.0,8596.0,0.0,60.8,1.4,1280.0,0.0,192.7
2022-05-17,17.0,5.0,2022.0,9308.0,0.0,70.3,0.9,824.0,0.0,195.3
2022-05-18,18.0,5.0,2022.0,9040.0,0.0,69.1,1.7,752.0,0.0,196.4
2022-05-19,19.0,5.0,2022.0,8784.0,0.0,66.0,0.9,579.0,0.0,192.2
2022-05-20,20.0,5.0,2022.0,8652.0,0.0,34.2,0.2,523.0,0.0,190.4
2022-05-21,21.0,5.0,2022.0,8831.0,0.0,34.9,-0.6,553.0,0.0,193.3
2022-05-22,22.0,5.0,2022.0,9025.0,0.0,38.0,-1.6,593.0,0.0,190.3
2022-05-23,23.0,5.0,2022.0,9844.0,0.0,47.5,2.0,746.0,0.0,207.2
2022-05-24,24.0,5.0,2022.0,9844.0,0.0,74.3,0.9,622.0,0.0,215.4
2022-05-25,25.0,5.0,2022.0,9701.0,0.0,55.0,3.6,1292.0,5.34,192.2
2022-05-26,26.0,5.0,2022.0,10520.0,0.0,73.8,1.4,793.0,0.62,210.1
